date,text
Wed May 03 23:39:55 +0000 2017,1
Wed May 03 23:40:01 +0000 2017,1
Wed May 03 23:40:09 +0000 2017,1
Wed May 03 23:40:14 +0000 2017,1
Wed May 03 23:40:20 +0000 2017,1
Wed May 03 23:40:29 +0000 2017,1
Wed May 03 23:40:59 +0000 2017,1
Wed May 03 23:41:17 +0000 2017,1
Wed May 03 23:41:21 +0000 2017,1
Wed May 03 23:41:26 +0000 2017,1
Wed May 03 23:41:42 +0000 2017,1
Wed May 03 23:41:42 +0000 2017,1
Wed May 03 23:41:51 +0000 2017,1
Wed May 03 23:42:03 +0000 2017,1
Wed May 03 23:42:17 +0000 2017,1
Wed May 03 23:42:20 +0000 2017,1
Wed May 03 23:42:36 +0000 2017,1
Wed May 03 23:42:41 +0000 2017,1
Wed May 03 23:42:45 +0000 2017,1
Wed May 03 23:42:54 +0000 2017,1
Wed May 03 23:43:01 +0000 2017,1
Wed May 03 23:43:04 +0000 2017,1
Wed May 03 23:43:12 +0000 2017,1
Wed May 03 23:43:18 +0000 2017,1
Wed May 03 23:43:33 +0000 2017,1
Wed May 03 23:43:46 +0000 2017,1
Wed May 03 23:43:48 +0000 2017,1
Wed May 03 23:43:49 +0000 2017,1
Wed May 03 23:44:31 +0000 2017,1
Wed May 03 23:44:51 +0000 2017,1
Wed May 03 23:44:54 +0000 2017,1
Wed May 03 23:44:59 +0000 2017,1
Wed May 03 23:45:27 +0000 2017,1
Wed May 03 23:45:39 +0000 2017,1
Wed May 03 23:45:42 +0000 2017,1
Wed May 03 23:45:45 +0000 2017,1
Wed May 03 23:45:46 +0000 2017,1
Wed May 03 23:46:00 +0000 2017,1
Wed May 03 23:46:00 +0000 2017,1
Wed May 03 23:46:00 +0000 2017,1
Wed May 03 23:46:02 +0000 2017,1
Wed May 03 23:46:21 +0000 2017,1
Wed May 03 23:46:41 +0000 2017,1
Wed May 03 23:46:55 +0000 2017,1
Wed May 03 23:47:16 +0000 2017,1
Wed May 03 23:47:24 +0000 2017,1
Wed May 03 23:47:26 +0000 2017,1
Wed May 03 23:47:27 +0000 2017,1
Wed May 03 23:47:33 +0000 2017,1
Wed May 03 23:47:35 +0000 2017,1
Wed May 03 23:47:36 +0000 2017,1
Wed May 03 23:47:59 +0000 2017,1
Wed May 03 23:48:07 +0000 2017,1
Wed May 03 23:48:09 +0000 2017,1
Wed May 03 23:48:25 +0000 2017,1
Wed May 03 23:48:26 +0000 2017,1
Wed May 03 23:49:14 +0000 2017,1
Wed May 03 23:49:19 +0000 2017,1
Wed May 03 23:49:27 +0000 2017,1
Wed May 03 23:49:30 +0000 2017,1
Wed May 03 23:49:39 +0000 2017,1
Wed May 03 23:50:08 +0000 2017,1
Wed May 03 23:50:08 +0000 2017,1
Wed May 03 23:50:09 +0000 2017,1
Wed May 03 23:50:09 +0000 2017,1
Wed May 03 23:50:10 +0000 2017,1
Wed May 03 23:50:10 +0000 2017,1
Wed May 03 23:50:10 +0000 2017,1
Wed May 03 23:50:10 +0000 2017,1
Wed May 03 23:50:12 +0000 2017,1
Wed May 03 23:50:13 +0000 2017,1
Wed May 03 23:50:14 +0000 2017,1
Wed May 03 23:50:16 +0000 2017,1
Wed May 03 23:50:16 +0000 2017,1
Wed May 03 23:50:17 +0000 2017,1
Wed May 03 23:50:19 +0000 2017,1
Wed May 03 23:50:21 +0000 2017,1
Wed May 03 23:50:27 +0000 2017,1
Wed May 03 23:50:35 +0000 2017,1
Wed May 03 23:50:35 +0000 2017,1
Wed May 03 23:50:35 +0000 2017,1
Wed May 03 23:50:35 +0000 2017,1
Wed May 03 23:50:35 +0000 2017,1
Wed May 03 23:50:35 +0000 2017,1
Wed May 03 23:50:35 +0000 2017,1
Wed May 03 23:50:35 +0000 2017,1
Wed May 03 23:50:35 +0000 2017,1
Wed May 03 23:50:35 +0000 2017,1
Wed May 03 23:50:35 +0000 2017,1
Wed May 03 23:50:35 +0000 2017,1
Wed May 03 23:50:36 +0000 2017,1
Wed May 03 23:50:37 +0000 2017,1
Wed May 03 23:50:37 +0000 2017,1
Wed May 03 23:50:37 +0000 2017,1
Wed May 03 23:50:38 +0000 2017,1
Wed May 03 23:50:38 +0000 2017,1
Wed May 03 23:50:38 +0000 2017,1
Wed May 03 23:50:38 +0000 2017,1
Wed May 03 23:50:38 +0000 2017,1
Wed May 03 23:50:38 +0000 2017,1
Wed May 03 23:50:38 +0000 2017,1
Wed May 03 23:50:38 +0000 2017,1
Wed May 03 23:50:38 +0000 2017,1
Wed May 03 23:50:39 +0000 2017,1
Wed May 03 23:50:40 +0000 2017,1
Wed May 03 23:50:40 +0000 2017,1
Wed May 03 23:50:40 +0000 2017,1
Wed May 03 23:50:40 +0000 2017,1
Wed May 03 23:50:41 +0000 2017,1
Wed May 03 23:50:41 +0000 2017,1
Wed May 03 23:50:41 +0000 2017,1
Wed May 03 23:50:41 +0000 2017,1
Wed May 03 23:50:41 +0000 2017,1
Wed May 03 23:50:41 +0000 2017,1
Wed May 03 23:50:41 +0000 2017,1
Wed May 03 23:50:41 +0000 2017,1
Wed May 03 23:50:41 +0000 2017,1
Wed May 03 23:50:41 +0000 2017,1
Wed May 03 23:50:43 +0000 2017,1
Wed May 03 23:50:43 +0000 2017,1
Wed May 03 23:50:43 +0000 2017,1
Wed May 03 23:50:45 +0000 2017,1
Wed May 03 23:50:45 +0000 2017,1
Wed May 03 23:50:48 +0000 2017,1
Wed May 03 23:50:53 +0000 2017,1
Wed May 03 23:51:06 +0000 2017,1
Wed May 03 23:51:08 +0000 2017,1
Wed May 03 23:51:09 +0000 2017,1
Wed May 03 23:51:11 +0000 2017,1
Wed May 03 23:51:20 +0000 2017,1
Wed May 03 23:51:24 +0000 2017,1
Wed May 03 23:51:24 +0000 2017,1
Wed May 03 23:51:37 +0000 2017,1
Wed May 03 23:51:47 +0000 2017,1
Wed May 03 23:52:03 +0000 2017,1
Wed May 03 23:52:04 +0000 2017,1
Wed May 03 23:52:06 +0000 2017,1
Wed May 03 23:52:09 +0000 2017,1
Wed May 03 23:52:10 +0000 2017,1
Wed May 03 23:52:10 +0000 2017,1
Wed May 03 23:52:11 +0000 2017,1
Wed May 03 23:52:21 +0000 2017,1
Wed May 03 23:52:35 +0000 2017,1
Wed May 03 23:52:41 +0000 2017,1
Wed May 03 23:52:53 +0000 2017,1
Wed May 03 23:53:04 +0000 2017,1
Wed May 03 23:53:09 +0000 2017,1
Wed May 03 23:53:14 +0000 2017,1
Wed May 03 23:53:16 +0000 2017,1
Wed May 03 23:53:19 +0000 2017,1
Wed May 03 23:53:45 +0000 2017,1
Wed May 03 23:53:58 +0000 2017,1
Wed May 03 23:54:04 +0000 2017,1
Wed May 03 23:54:06 +0000 2017,1
Wed May 03 23:54:07 +0000 2017,1
Wed May 03 23:54:09 +0000 2017,1
Wed May 03 23:54:13 +0000 2017,1
Wed May 03 23:54:14 +0000 2017,1
Wed May 03 23:54:16 +0000 2017,1
Wed May 03 23:54:19 +0000 2017,1
Wed May 03 23:54:38 +0000 2017,1
Wed May 03 23:54:53 +0000 2017,1
Wed May 03 23:55:03 +0000 2017,1
Wed May 03 23:55:04 +0000 2017,1
Wed May 03 23:55:13 +0000 2017,1
Wed May 03 23:55:14 +0000 2017,1
Wed May 03 23:55:19 +0000 2017,1
Wed May 03 23:55:26 +0000 2017,1
Wed May 03 23:55:27 +0000 2017,1
Wed May 03 23:55:28 +0000 2017,1
Wed May 03 23:55:32 +0000 2017,1
Wed May 03 23:55:33 +0000 2017,1
Wed May 03 23:55:48 +0000 2017,1
Wed May 03 23:56:06 +0000 2017,1
Wed May 03 23:56:12 +0000 2017,1
Wed May 03 23:56:22 +0000 2017,1
Wed May 03 23:56:29 +0000 2017,1
Wed May 03 23:56:34 +0000 2017,1
Wed May 03 23:56:39 +0000 2017,1
Wed May 03 23:56:58 +0000 2017,1
Wed May 03 23:56:59 +0000 2017,1
Wed May 03 23:57:21 +0000 2017,1
Wed May 03 23:57:29 +0000 2017,1
Wed May 03 23:57:29 +0000 2017,1
Wed May 03 23:57:35 +0000 2017,1
Wed May 03 23:57:53 +0000 2017,1
Wed May 03 23:57:58 +0000 2017,1
Wed May 03 23:58:01 +0000 2017,1
Wed May 03 23:58:02 +0000 2017,1
Wed May 03 23:58:16 +0000 2017,1
Wed May 03 23:58:18 +0000 2017,1
Wed May 03 23:58:21 +0000 2017,1
Wed May 03 23:58:23 +0000 2017,1
Wed May 03 23:58:36 +0000 2017,1
Wed May 03 23:58:40 +0000 2017,1
Wed May 03 23:58:40 +0000 2017,1
Wed May 03 23:58:47 +0000 2017,1
Thu May 04 00:03:30 +0000 2017,1
Thu May 04 00:03:39 +0000 2017,1
Thu May 04 00:03:49 +0000 2017,1
Thu May 04 00:03:56 +0000 2017,1
Thu May 04 00:04:14 +0000 2017,1
Thu May 04 00:04:18 +0000 2017,1
Thu May 04 00:04:19 +0000 2017,1
Thu May 04 00:04:29 +0000 2017,1
Thu May 04 00:04:34 +0000 2017,1
Thu May 04 00:04:42 +0000 2017,1
Thu May 04 00:04:45 +0000 2017,1
Thu May 04 00:04:48 +0000 2017,1
Thu May 04 00:05:03 +0000 2017,1
Thu May 04 00:05:04 +0000 2017,1
Thu May 04 00:05:05 +0000 2017,1
Thu May 04 00:05:10 +0000 2017,1
Thu May 04 00:05:47 +0000 2017,1
Thu May 04 00:05:47 +0000 2017,1
Thu May 04 00:06:02 +0000 2017,1
Thu May 04 00:06:22 +0000 2017,1
Thu May 04 00:06:29 +0000 2017,1
Thu May 04 00:06:45 +0000 2017,1
Thu May 04 00:07:17 +0000 2017,1
Thu May 04 00:07:19 +0000 2017,1
Thu May 04 00:07:22 +0000 2017,1
Thu May 04 00:07:26 +0000 2017,1
Thu May 04 00:07:33 +0000 2017,1
Thu May 04 00:07:34 +0000 2017,1
Thu May 04 00:07:44 +0000 2017,1
Thu May 04 00:07:49 +0000 2017,1
Thu May 04 00:07:54 +0000 2017,1
Thu May 04 03:51:04 +0000 2017,1
Thu May 04 03:51:31 +0000 2017,1
Thu May 04 03:51:37 +0000 2017,1
Thu May 04 03:53:25 +0000 2017,1
Thu May 04 03:53:29 +0000 2017,1
Thu May 04 03:54:02 +0000 2017,1
Thu May 04 03:54:39 +0000 2017,1
Thu May 04 03:55:37 +0000 2017,1
Thu May 04 03:56:20 +0000 2017,1
Thu May 04 03:56:40 +0000 2017,1
Thu May 04 03:57:37 +0000 2017,1
Thu May 04 03:57:39 +0000 2017,1
Thu May 04 03:58:18 +0000 2017,1
Thu May 04 03:58:31 +0000 2017,1
Thu May 04 03:59:35 +0000 2017,1
Thu May 04 04:00:33 +0000 2017,1
Thu May 04 04:00:45 +0000 2017,1
Thu May 04 04:00:55 +0000 2017,1
Thu May 04 04:01:35 +0000 2017,1
Thu May 04 04:01:40 +0000 2017,1
Thu May 04 04:01:48 +0000 2017,1
Thu May 04 04:01:49 +0000 2017,1
Thu May 04 04:02:27 +0000 2017,1
Thu May 04 04:04:00 +0000 2017,1
Thu May 04 04:05:06 +0000 2017,1
Thu May 04 04:05:28 +0000 2017,1
Thu May 04 04:05:52 +0000 2017,1
Thu May 04 04:06:41 +0000 2017,1
Thu May 04 04:06:42 +0000 2017,1
Thu May 04 04:07:04 +0000 2017,1
Thu May 04 04:07:24 +0000 2017,1
Thu May 04 04:07:36 +0000 2017,1
Thu May 04 04:07:40 +0000 2017,1
Thu May 04 04:07:45 +0000 2017,1
Thu May 04 04:09:22 +0000 2017,1
Thu May 04 04:09:45 +0000 2017,1
Thu May 04 04:10:09 +0000 2017,1
Thu May 04 04:10:52 +0000 2017,1
Thu May 04 04:12:41 +0000 2017,1
Thu May 04 04:12:53 +0000 2017,1
Thu May 04 04:13:26 +0000 2017,1
Thu May 04 04:13:35 +0000 2017,1
Thu May 04 04:13:49 +0000 2017,1
Thu May 04 04:13:49 +0000 2017,1
Thu May 04 04:13:58 +0000 2017,1
Thu May 04 04:14:57 +0000 2017,1
Thu May 04 04:15:03 +0000 2017,1
Thu May 04 04:15:25 +0000 2017,1
Thu May 04 04:15:43 +0000 2017,1
Thu May 04 04:16:00 +0000 2017,1
Thu May 04 04:16:42 +0000 2017,1
Thu May 04 04:18:08 +0000 2017,1
Thu May 04 04:18:36 +0000 2017,1
Thu May 04 04:18:57 +0000 2017,1
Thu May 04 04:19:44 +0000 2017,1
Thu May 04 04:22:38 +0000 2017,1
Thu May 04 04:23:21 +0000 2017,1
Thu May 04 04:23:23 +0000 2017,1
Thu May 04 04:23:38 +0000 2017,1
Thu May 04 04:24:44 +0000 2017,1
Thu May 04 04:25:58 +0000 2017,1
Thu May 04 04:26:35 +0000 2017,1
Thu May 04 04:29:38 +0000 2017,1
Thu May 04 04:30:12 +0000 2017,1
Thu May 04 04:30:12 +0000 2017,1
Thu May 04 04:30:29 +0000 2017,1
Thu May 04 04:30:39 +0000 2017,1
Thu May 04 04:32:34 +0000 2017,1
Thu May 04 04:32:53 +0000 2017,1
Thu May 04 04:34:28 +0000 2017,1
Thu May 04 04:35:00 +0000 2017,1
Thu May 04 04:37:20 +0000 2017,1
Thu May 04 04:37:37 +0000 2017,1
Thu May 04 04:38:18 +0000 2017,1
Thu May 04 04:38:22 +0000 2017,1
Thu May 04 04:39:04 +0000 2017,1
Thu May 04 04:41:27 +0000 2017,1
Thu May 04 04:41:38 +0000 2017,1
Thu May 04 04:43:46 +0000 2017,1
Thu May 04 04:44:57 +0000 2017,1
Thu May 04 04:45:03 +0000 2017,1
Thu May 04 04:46:42 +0000 2017,1
Thu May 04 04:46:48 +0000 2017,1
Thu May 04 04:47:09 +0000 2017,1
Thu May 04 04:47:31 +0000 2017,1
Thu May 04 04:47:40 +0000 2017,1
Thu May 04 04:48:12 +0000 2017,1
Thu May 04 04:48:21 +0000 2017,1
Thu May 04 04:48:28 +0000 2017,1
Thu May 04 04:50:31 +0000 2017,1
Thu May 04 04:50:34 +0000 2017,1
Thu May 04 04:51:01 +0000 2017,1
Thu May 04 04:52:03 +0000 2017,1
Thu May 04 04:52:37 +0000 2017,1
Thu May 04 04:52:43 +0000 2017,1
Thu May 04 04:53:24 +0000 2017,1
Thu May 04 04:53:45 +0000 2017,1
Thu May 04 04:54:10 +0000 2017,1
Thu May 04 04:55:55 +0000 2017,1
Thu May 04 04:56:44 +0000 2017,1
Thu May 04 04:56:56 +0000 2017,1
Thu May 04 04:57:19 +0000 2017,1
Thu May 04 04:57:30 +0000 2017,1
Thu May 04 04:57:59 +0000 2017,1
Thu May 04 04:58:08 +0000 2017,1
Thu May 04 04:58:44 +0000 2017,1
Thu May 04 04:58:52 +0000 2017,1
Thu May 04 05:00:01 +0000 2017,1
Thu May 04 05:00:05 +0000 2017,1
Thu May 04 05:00:38 +0000 2017,1
Thu May 04 05:00:43 +0000 2017,1
Thu May 04 05:02:30 +0000 2017,1
Thu May 04 05:02:33 +0000 2017,1
Thu May 04 05:02:48 +0000 2017,1
Thu May 04 05:02:57 +0000 2017,1
Thu May 04 05:03:07 +0000 2017,1
Thu May 04 05:04:27 +0000 2017,1
Thu May 04 05:04:47 +0000 2017,1
Thu May 04 05:04:58 +0000 2017,1
Thu May 04 05:05:06 +0000 2017,1
Thu May 04 05:05:45 +0000 2017,1
Thu May 04 05:05:58 +0000 2017,1
Thu May 04 05:06:07 +0000 2017,1
Thu May 04 05:06:57 +0000 2017,1
Thu May 04 05:08:47 +0000 2017,1
Thu May 04 05:10:06 +0000 2017,1
Thu May 04 05:10:44 +0000 2017,1
Thu May 04 05:12:13 +0000 2017,1
Thu May 04 05:12:45 +0000 2017,1
Thu May 04 05:13:12 +0000 2017,1
Thu May 04 05:14:52 +0000 2017,1
Thu May 04 05:15:05 +0000 2017,1
Thu May 04 05:18:55 +0000 2017,1
Thu May 04 06:01:54 +0000 2017,1
Thu May 04 06:03:06 +0000 2017,1
Thu May 04 06:03:29 +0000 2017,1
Thu May 04 06:03:32 +0000 2017,1
Thu May 04 06:04:28 +0000 2017,1
Thu May 04 06:05:32 +0000 2017,1
Thu May 04 06:05:47 +0000 2017,1
Thu May 04 06:05:53 +0000 2017,1
Thu May 04 06:06:22 +0000 2017,1
Thu May 04 06:07:27 +0000 2017,1
Thu May 04 06:07:45 +0000 2017,1
Thu May 04 06:07:52 +0000 2017,1
Thu May 04 06:08:14 +0000 2017,1
Thu May 04 06:08:34 +0000 2017,1
Thu May 04 06:09:00 +0000 2017,1
Thu May 04 06:10:05 +0000 2017,1
Thu May 04 06:10:07 +0000 2017,1
Thu May 04 06:11:50 +0000 2017,1
Thu May 04 06:12:34 +0000 2017,1
Thu May 04 06:13:04 +0000 2017,1
Thu May 04 06:13:53 +0000 2017,1
Thu May 04 06:14:38 +0000 2017,1
Thu May 04 06:15:55 +0000 2017,1
Thu May 04 06:16:10 +0000 2017,1
Thu May 04 06:17:01 +0000 2017,1
Thu May 04 06:17:11 +0000 2017,1
Thu May 04 06:17:12 +0000 2017,1
Thu May 04 06:17:42 +0000 2017,1
Thu May 04 06:18:05 +0000 2017,1
Thu May 04 06:18:34 +0000 2017,1
Thu May 04 06:19:05 +0000 2017,1
Thu May 04 06:19:21 +0000 2017,1
Thu May 04 06:19:22 +0000 2017,1
Thu May 04 06:19:30 +0000 2017,1
Thu May 04 06:19:32 +0000 2017,1
Thu May 04 06:19:34 +0000 2017,1
Thu May 04 06:20:00 +0000 2017,1
Thu May 04 06:20:05 +0000 2017,1
Thu May 04 06:20:33 +0000 2017,1
Thu May 04 06:20:33 +0000 2017,1
Thu May 04 06:22:10 +0000 2017,1
Thu May 04 06:22:11 +0000 2017,1
Thu May 04 06:22:11 +0000 2017,1
Thu May 04 06:22:18 +0000 2017,1
Thu May 04 06:22:25 +0000 2017,1
Thu May 04 06:23:31 +0000 2017,1
Thu May 04 06:24:07 +0000 2017,1
Thu May 04 06:24:30 +0000 2017,1
Thu May 04 06:24:39 +0000 2017,1
Thu May 04 06:24:40 +0000 2017,1
Thu May 04 06:24:47 +0000 2017,1
Thu May 04 06:24:54 +0000 2017,1
Thu May 04 06:25:44 +0000 2017,1
Thu May 04 06:26:21 +0000 2017,1
Thu May 04 06:26:25 +0000 2017,1
Thu May 04 06:26:29 +0000 2017,1
Thu May 04 06:26:38 +0000 2017,1
Thu May 04 06:26:50 +0000 2017,1
Thu May 04 06:27:11 +0000 2017,1
Thu May 04 06:28:23 +0000 2017,1
Thu May 04 06:28:47 +0000 2017,1
Thu May 04 06:29:19 +0000 2017,1
Thu May 04 06:29:20 +0000 2017,1
Thu May 04 06:29:29 +0000 2017,1
Thu May 04 06:30:20 +0000 2017,1
Thu May 04 06:30:35 +0000 2017,1
Thu May 04 06:35:26 +0000 2017,1
Thu May 04 06:39:23 +0000 2017,1
Thu May 04 06:40:10 +0000 2017,1
Thu May 04 06:40:31 +0000 2017,1
Thu May 04 06:41:03 +0000 2017,1
Thu May 04 06:41:49 +0000 2017,1
Thu May 04 06:41:50 +0000 2017,1
Thu May 04 06:42:29 +0000 2017,1
Thu May 04 06:42:31 +0000 2017,1
Thu May 04 06:42:34 +0000 2017,1
Thu May 04 06:43:22 +0000 2017,1
Thu May 04 06:44:57 +0000 2017,1
Thu May 04 06:45:08 +0000 2017,1
Thu May 04 06:45:12 +0000 2017,1
Thu May 04 06:45:18 +0000 2017,1
Thu May 04 06:45:26 +0000 2017,1
Thu May 04 06:46:04 +0000 2017,1
Thu May 04 06:46:53 +0000 2017,1
Thu May 04 06:48:13 +0000 2017,1
Thu May 04 06:48:19 +0000 2017,1
Thu May 04 06:49:07 +0000 2017,1
Thu May 04 06:49:37 +0000 2017,1
Thu May 04 06:50:24 +0000 2017,1
Thu May 04 06:50:43 +0000 2017,1
Thu May 04 06:51:29 +0000 2017,1
Thu May 04 06:51:50 +0000 2017,1
Thu May 04 06:53:19 +0000 2017,1
Thu May 04 06:55:21 +0000 2017,1
Thu May 04 06:56:09 +0000 2017,1
Thu May 04 06:56:38 +0000 2017,1
Thu May 04 06:57:51 +0000 2017,1
Thu May 04 07:00:50 +0000 2017,1
Thu May 04 07:01:03 +0000 2017,1
Thu May 04 07:02:02 +0000 2017,1
Thu May 04 07:03:02 +0000 2017,1
Thu May 04 07:03:21 +0000 2017,1
Thu May 04 07:04:20 +0000 2017,1
Thu May 04 07:04:29 +0000 2017,1
Thu May 04 07:04:49 +0000 2017,1
Thu May 04 07:07:16 +0000 2017,1
Thu May 04 07:07:56 +0000 2017,1
Thu May 04 07:08:05 +0000 2017,1
Thu May 04 07:08:27 +0000 2017,1
Thu May 04 07:09:10 +0000 2017,1
Thu May 04 07:09:56 +0000 2017,1
Thu May 04 07:10:28 +0000 2017,1
Thu May 04 07:11:07 +0000 2017,1
Thu May 04 07:11:08 +0000 2017,1
Thu May 04 07:12:09 +0000 2017,1
Thu May 04 07:13:22 +0000 2017,1
Thu May 04 07:14:01 +0000 2017,1
Thu May 04 07:14:41 +0000 2017,1
Thu May 04 07:14:47 +0000 2017,1
Thu May 04 07:15:23 +0000 2017,1
Thu May 04 07:22:25 +0000 2017,1
Thu May 04 07:23:54 +0000 2017,1
Thu May 04 07:30:09 +0000 2017,1
Thu May 04 07:34:04 +0000 2017,1
Thu May 04 07:37:01 +0000 2017,1
Thu May 04 07:37:06 +0000 2017,1
Thu May 04 07:37:14 +0000 2017,1
Thu May 04 07:39:09 +0000 2017,1
Thu May 04 07:40:11 +0000 2017,1
Thu May 04 07:41:14 +0000 2017,1
Thu May 04 07:42:12 +0000 2017,1
Thu May 04 07:44:01 +0000 2017,1
Thu May 04 07:44:09 +0000 2017,1
Thu May 04 07:44:14 +0000 2017,1
Thu May 04 07:44:35 +0000 2017,1
Thu May 04 07:44:58 +0000 2017,1
Thu May 04 07:45:16 +0000 2017,1
Thu May 04 07:45:21 +0000 2017,1
Thu May 04 07:45:48 +0000 2017,1
Thu May 04 07:45:58 +0000 2017,1
Thu May 04 07:46:13 +0000 2017,1
Thu May 04 07:49:28 +0000 2017,1
Thu May 04 07:49:43 +0000 2017,1
Thu May 04 07:50:15 +0000 2017,1
Thu May 04 07:50:50 +0000 2017,1
Thu May 04 07:51:04 +0000 2017,1
Thu May 04 07:51:36 +0000 2017,1
Thu May 04 07:55:03 +0000 2017,1
Thu May 04 07:55:10 +0000 2017,1
Thu May 04 07:55:12 +0000 2017,1
Thu May 04 07:55:22 +0000 2017,1
Thu May 04 07:55:53 +0000 2017,1
Thu May 04 07:56:09 +0000 2017,1
Thu May 04 07:59:03 +0000 2017,1
Thu May 04 07:59:09 +0000 2017,1
Thu May 04 08:00:18 +0000 2017,1
Thu May 04 08:04:28 +0000 2017,1
Thu May 04 08:04:29 +0000 2017,1
Thu May 04 08:05:55 +0000 2017,1
Thu May 04 08:06:45 +0000 2017,1
Thu May 04 08:07:56 +0000 2017,1
Thu May 04 08:08:08 +0000 2017,1
Thu May 04 08:08:14 +0000 2017,1
Thu May 04 08:08:18 +0000 2017,1
Thu May 04 08:10:42 +0000 2017,1
Thu May 04 08:10:48 +0000 2017,1
Thu May 04 08:11:28 +0000 2017,1
Thu May 04 08:11:57 +0000 2017,1
Thu May 04 08:12:46 +0000 2017,1
Thu May 04 08:12:58 +0000 2017,1
Thu May 04 08:13:03 +0000 2017,1
Thu May 04 08:13:13 +0000 2017,1
Thu May 04 08:13:30 +0000 2017,1
Thu May 04 08:13:32 +0000 2017,1
Thu May 04 08:14:58 +0000 2017,1
Thu May 04 08:15:03 +0000 2017,1
Thu May 04 08:20:07 +0000 2017,1
Thu May 04 08:20:39 +0000 2017,1
Thu May 04 08:20:54 +0000 2017,1
Thu May 04 08:22:19 +0000 2017,1
Thu May 04 08:22:40 +0000 2017,1
Thu May 04 08:23:49 +0000 2017,1
Thu May 04 08:30:20 +0000 2017,1
Thu May 04 08:30:27 +0000 2017,1
Thu May 04 08:30:28 +0000 2017,1
Thu May 04 08:30:45 +0000 2017,1
Thu May 04 08:31:14 +0000 2017,1
Thu May 04 08:31:18 +0000 2017,1
Thu May 04 08:31:47 +0000 2017,1
Thu May 04 08:32:09 +0000 2017,1
Thu May 04 08:32:30 +0000 2017,1
Thu May 04 08:33:41 +0000 2017,1
Thu May 04 08:35:13 +0000 2017,1
Thu May 04 08:35:37 +0000 2017,1
Thu May 04 08:35:47 +0000 2017,1
Thu May 04 08:37:15 +0000 2017,1
Thu May 04 08:37:34 +0000 2017,1
Thu May 04 08:38:48 +0000 2017,1
Thu May 04 08:39:50 +0000 2017,1
Thu May 04 08:40:37 +0000 2017,1
Thu May 04 08:44:45 +0000 2017,1
Thu May 04 08:45:08 +0000 2017,1
Thu May 04 08:45:11 +0000 2017,1
Thu May 04 08:45:16 +0000 2017,1
Thu May 04 08:47:12 +0000 2017,1
Thu May 04 08:47:22 +0000 2017,1
Thu May 04 08:47:30 +0000 2017,1
Thu May 04 08:50:27 +0000 2017,1
Thu May 04 08:50:30 +0000 2017,1
Thu May 04 08:50:59 +0000 2017,1
Thu May 04 08:51:47 +0000 2017,1
Thu May 04 08:54:03 +0000 2017,1
Thu May 04 08:54:06 +0000 2017,1
Thu May 04 08:56:04 +0000 2017,1
Thu May 04 08:56:04 +0000 2017,1
Thu May 04 08:56:05 +0000 2017,1
Thu May 04 08:56:41 +0000 2017,1
Thu May 04 09:00:00 +0000 2017,1
Thu May 04 09:00:47 +0000 2017,1
Thu May 04 09:03:30 +0000 2017,1
Thu May 04 09:05:55 +0000 2017,1
Thu May 04 09:07:09 +0000 2017,1
Thu May 04 09:07:16 +0000 2017,1
Thu May 04 09:08:35 +0000 2017,1
Thu May 04 09:08:37 +0000 2017,1
Thu May 04 09:09:08 +0000 2017,1
Thu May 04 09:10:14 +0000 2017,1
Thu May 04 09:10:29 +0000 2017,1
Thu May 04 09:10:31 +0000 2017,1
Thu May 04 09:10:43 +0000 2017,1
Thu May 04 09:11:06 +0000 2017,1
Thu May 04 09:12:24 +0000 2017,1
Thu May 04 09:12:40 +0000 2017,1
Thu May 04 09:13:06 +0000 2017,1
Thu May 04 09:13:30 +0000 2017,1
Thu May 04 09:13:59 +0000 2017,1
Thu May 04 09:14:48 +0000 2017,1
Thu May 04 09:14:58 +0000 2017,1
Thu May 04 09:15:11 +0000 2017,1
Thu May 04 09:15:51 +0000 2017,1
Thu May 04 09:16:24 +0000 2017,1
Thu May 04 09:17:16 +0000 2017,1
Thu May 04 09:20:11 +0000 2017,1
Thu May 04 09:20:24 +0000 2017,1
Thu May 04 09:20:34 +0000 2017,1
Thu May 04 09:20:41 +0000 2017,1
Thu May 04 09:20:52 +0000 2017,1
Thu May 04 09:25:04 +0000 2017,1
Thu May 04 09:25:06 +0000 2017,1
Thu May 04 09:25:17 +0000 2017,1
Thu May 04 09:26:56 +0000 2017,1
Thu May 04 09:27:14 +0000 2017,1
Thu May 04 09:27:36 +0000 2017,1
Thu May 04 09:29:44 +0000 2017,1
Thu May 04 09:30:19 +0000 2017,1
Thu May 04 09:30:47 +0000 2017,1
Thu May 04 09:33:02 +0000 2017,1
Thu May 04 09:33:18 +0000 2017,1
Thu May 04 09:33:22 +0000 2017,1
Thu May 04 09:33:43 +0000 2017,1
Thu May 04 09:35:52 +0000 2017,1
Thu May 04 09:36:23 +0000 2017,1
Thu May 04 09:36:30 +0000 2017,1
Thu May 04 09:37:48 +0000 2017,1
Thu May 04 09:38:08 +0000 2017,1
Thu May 04 09:39:01 +0000 2017,1
Thu May 04 09:39:33 +0000 2017,1
Thu May 04 09:40:23 +0000 2017,1
Thu May 04 09:41:00 +0000 2017,1
Thu May 04 09:41:24 +0000 2017,1
Thu May 04 09:41:50 +0000 2017,1
Thu May 04 09:42:23 +0000 2017,1
Thu May 04 09:43:44 +0000 2017,1
Thu May 04 09:45:07 +0000 2017,1
Thu May 04 09:45:17 +0000 2017,1
Thu May 04 09:45:33 +0000 2017,1
Thu May 04 09:46:25 +0000 2017,1
Thu May 04 09:47:04 +0000 2017,1
Thu May 04 09:51:15 +0000 2017,1
Thu May 04 09:51:18 +0000 2017,1
Thu May 04 09:51:50 +0000 2017,1
Thu May 04 09:52:04 +0000 2017,1
Thu May 04 09:52:16 +0000 2017,1
Thu May 04 09:52:55 +0000 2017,1
Thu May 04 09:53:49 +0000 2017,1
Thu May 04 09:56:42 +0000 2017,1
Thu May 04 09:57:32 +0000 2017,1
Thu May 04 09:58:46 +0000 2017,1
Thu May 04 09:59:04 +0000 2017,1
Thu May 04 09:59:05 +0000 2017,1
Thu May 04 10:00:09 +0000 2017,1
Thu May 04 10:00:45 +0000 2017,1
Thu May 04 10:00:48 +0000 2017,1
Thu May 04 10:02:46 +0000 2017,1
Thu May 04 10:02:51 +0000 2017,1
Thu May 04 10:04:38 +0000 2017,1
Thu May 04 10:05:24 +0000 2017,1
Thu May 04 10:06:02 +0000 2017,1
Thu May 04 10:06:23 +0000 2017,1
Thu May 04 10:07:03 +0000 2017,1
Thu May 04 10:08:12 +0000 2017,1
Thu May 04 10:09:37 +0000 2017,1
Thu May 04 10:10:22 +0000 2017,1
Thu May 04 10:10:26 +0000 2017,1
Thu May 04 10:11:10 +0000 2017,1
Thu May 04 10:12:30 +0000 2017,1
Thu May 04 10:13:12 +0000 2017,1
Thu May 04 10:13:25 +0000 2017,1
Thu May 04 10:13:26 +0000 2017,1
Thu May 04 10:13:26 +0000 2017,1
Thu May 04 10:13:26 +0000 2017,1
Thu May 04 10:13:29 +0000 2017,1
Thu May 04 10:13:30 +0000 2017,1
Thu May 04 10:15:04 +0000 2017,1
Thu May 04 10:15:18 +0000 2017,1
Thu May 04 10:17:27 +0000 2017,1
Thu May 04 10:17:51 +0000 2017,1
Thu May 04 10:18:02 +0000 2017,1
Thu May 04 10:18:11 +0000 2017,1
Thu May 04 10:19:24 +0000 2017,1
Thu May 04 10:19:50 +0000 2017,1
Thu May 04 10:20:00 +0000 2017,1
Thu May 04 10:20:16 +0000 2017,1
Thu May 04 10:20:40 +0000 2017,1
Thu May 04 10:21:23 +0000 2017,1
Thu May 04 10:21:35 +0000 2017,1
Thu May 04 10:21:35 +0000 2017,1
Thu May 04 10:21:56 +0000 2017,1
Thu May 04 10:22:05 +0000 2017,1
Thu May 04 10:24:59 +0000 2017,1
Thu May 04 10:25:07 +0000 2017,1
Thu May 04 10:25:34 +0000 2017,1
Thu May 04 10:25:52 +0000 2017,1
Thu May 04 10:25:53 +0000 2017,1
Thu May 04 10:26:04 +0000 2017,1
Thu May 04 10:27:00 +0000 2017,1
Thu May 04 10:27:27 +0000 2017,1
Thu May 04 10:28:01 +0000 2017,1
Thu May 04 10:28:09 +0000 2017,1
Thu May 04 10:29:52 +0000 2017,1
Thu May 04 10:29:58 +0000 2017,1
Thu May 04 10:30:12 +0000 2017,1
Thu May 04 10:31:33 +0000 2017,1
Thu May 04 10:32:49 +0000 2017,1
Thu May 04 10:34:06 +0000 2017,1
Thu May 04 10:34:29 +0000 2017,1
Thu May 04 10:35:02 +0000 2017,1
Thu May 04 10:36:08 +0000 2017,1
Thu May 04 10:38:02 +0000 2017,1
Thu May 04 10:38:24 +0000 2017,1
Thu May 04 10:38:49 +0000 2017,1
Thu May 04 10:39:13 +0000 2017,1
Thu May 04 10:40:52 +0000 2017,1
Thu May 04 10:41:34 +0000 2017,1
Thu May 04 10:42:52 +0000 2017,1
Thu May 04 10:44:18 +0000 2017,1
Thu May 04 10:44:52 +0000 2017,1
Thu May 04 10:44:56 +0000 2017,1
Thu May 04 10:45:22 +0000 2017,1
Thu May 04 10:45:27 +0000 2017,1
Thu May 04 10:46:29 +0000 2017,1
Thu May 04 10:47:07 +0000 2017,1
Thu May 04 10:48:51 +0000 2017,1
Thu May 04 10:50:00 +0000 2017,1
Thu May 04 10:50:11 +0000 2017,1
Thu May 04 10:50:16 +0000 2017,1
Thu May 04 10:50:20 +0000 2017,1
Thu May 04 10:50:21 +0000 2017,1
Thu May 04 10:52:14 +0000 2017,1
Thu May 04 10:52:17 +0000 2017,1
Thu May 04 10:53:06 +0000 2017,1
Thu May 04 10:53:20 +0000 2017,1
Thu May 04 10:53:20 +0000 2017,1
Thu May 04 10:53:28 +0000 2017,1
Thu May 04 10:53:52 +0000 2017,1
Thu May 04 10:54:29 +0000 2017,1
Thu May 04 10:57:17 +0000 2017,1
Thu May 04 10:58:22 +0000 2017,1
Thu May 04 10:58:40 +0000 2017,1
Thu May 04 10:59:08 +0000 2017,1
Thu May 04 11:00:26 +0000 2017,1
Thu May 04 11:00:35 +0000 2017,1
Thu May 04 11:01:34 +0000 2017,1
Thu May 04 11:02:45 +0000 2017,1
Thu May 04 11:04:14 +0000 2017,1
Thu May 04 11:04:14 +0000 2017,1
Thu May 04 11:04:15 +0000 2017,1
Thu May 04 11:04:18 +0000 2017,1
Thu May 04 11:04:47 +0000 2017,1
Thu May 04 11:04:56 +0000 2017,1
Thu May 04 11:05:02 +0000 2017,1
Thu May 04 11:05:38 +0000 2017,1
Thu May 04 11:05:44 +0000 2017,1
Thu May 04 11:08:11 +0000 2017,1
Thu May 04 11:08:29 +0000 2017,1
Thu May 04 11:09:31 +0000 2017,1
Thu May 04 11:10:05 +0000 2017,1
Thu May 04 11:10:07 +0000 2017,1
Thu May 04 11:10:13 +0000 2017,1
Thu May 04 11:10:22 +0000 2017,1
Thu May 04 11:10:34 +0000 2017,1
Thu May 04 11:10:45 +0000 2017,1
Thu May 04 11:10:54 +0000 2017,1
Thu May 04 11:11:16 +0000 2017,1
Thu May 04 11:11:55 +0000 2017,1
Thu May 04 11:13:10 +0000 2017,1
Thu May 04 11:13:29 +0000 2017,1
Thu May 04 11:13:50 +0000 2017,1
Thu May 04 11:15:10 +0000 2017,1
Thu May 04 11:15:21 +0000 2017,1
Thu May 04 11:15:28 +0000 2017,1
Thu May 04 11:15:33 +0000 2017,1
Thu May 04 11:15:34 +0000 2017,1
Thu May 04 11:15:35 +0000 2017,1
Thu May 04 11:15:44 +0000 2017,1
Thu May 04 11:16:04 +0000 2017,1
Thu May 04 11:16:22 +0000 2017,1
Thu May 04 11:16:37 +0000 2017,1
Thu May 04 11:16:43 +0000 2017,1
Thu May 04 11:17:06 +0000 2017,1
Thu May 04 11:17:13 +0000 2017,1
Thu May 04 11:18:31 +0000 2017,1
Thu May 04 11:19:31 +0000 2017,1
Thu May 04 11:20:02 +0000 2017,1
Thu May 04 11:20:26 +0000 2017,1
Thu May 04 11:20:36 +0000 2017,1
Thu May 04 11:20:55 +0000 2017,1
Thu May 04 11:21:58 +0000 2017,1
Thu May 04 11:22:33 +0000 2017,1
Thu May 04 11:22:35 +0000 2017,1
Thu May 04 11:22:43 +0000 2017,1
Thu May 04 11:23:50 +0000 2017,1
Thu May 04 11:25:07 +0000 2017,1
Thu May 04 11:25:42 +0000 2017,1
Thu May 04 11:26:49 +0000 2017,1
Thu May 04 11:27:12 +0000 2017,1
Thu May 04 11:27:13 +0000 2017,1
Thu May 04 11:28:10 +0000 2017,1
Thu May 04 11:28:38 +0000 2017,1
Thu May 04 11:29:48 +0000 2017,1
Thu May 04 11:30:03 +0000 2017,1
Thu May 04 11:30:10 +0000 2017,1
Thu May 04 11:30:31 +0000 2017,1
Thu May 04 11:30:42 +0000 2017,1
Thu May 04 11:30:59 +0000 2017,1
Thu May 04 11:31:08 +0000 2017,1
Thu May 04 11:32:37 +0000 2017,1
Thu May 04 11:32:40 +0000 2017,1
Thu May 04 11:34:12 +0000 2017,1
Thu May 04 11:34:30 +0000 2017,1
Thu May 04 11:35:31 +0000 2017,1
Thu May 04 11:35:38 +0000 2017,1
Thu May 04 11:35:45 +0000 2017,1
Thu May 04 11:36:09 +0000 2017,1
Thu May 04 11:36:29 +0000 2017,1
Thu May 04 11:36:29 +0000 2017,1
Thu May 04 11:38:00 +0000 2017,1
Thu May 04 11:38:35 +0000 2017,1
Thu May 04 11:38:39 +0000 2017,1
Thu May 04 11:38:48 +0000 2017,1
Thu May 04 11:38:58 +0000 2017,1
Thu May 04 11:39:33 +0000 2017,1
Thu May 04 11:39:36 +0000 2017,1
Thu May 04 11:40:46 +0000 2017,1
Thu May 04 11:41:45 +0000 2017,1
Thu May 04 11:42:10 +0000 2017,1
Thu May 04 11:42:49 +0000 2017,1
Thu May 04 11:43:06 +0000 2017,1
Thu May 04 11:43:24 +0000 2017,1
Thu May 04 11:44:37 +0000 2017,1
Thu May 04 11:45:00 +0000 2017,1
Thu May 04 11:45:08 +0000 2017,1
Thu May 04 11:45:21 +0000 2017,1
Thu May 04 11:45:22 +0000 2017,1
Thu May 04 11:46:48 +0000 2017,1
Thu May 04 11:47:18 +0000 2017,1
Thu May 04 11:48:20 +0000 2017,1
Thu May 04 11:50:30 +0000 2017,1
Thu May 04 11:51:07 +0000 2017,1
Thu May 04 11:51:07 +0000 2017,1
Thu May 04 11:51:50 +0000 2017,1
Thu May 04 11:51:55 +0000 2017,1
Thu May 04 11:52:28 +0000 2017,1
Thu May 04 11:53:40 +0000 2017,1
Thu May 04 11:53:47 +0000 2017,1
Thu May 04 11:55:12 +0000 2017,1
Thu May 04 11:55:19 +0000 2017,1
Thu May 04 11:55:44 +0000 2017,1
Thu May 04 11:56:29 +0000 2017,1
Thu May 04 11:57:14 +0000 2017,1
Thu May 04 11:57:51 +0000 2017,1
Thu May 04 11:58:56 +0000 2017,1
Thu May 04 11:59:05 +0000 2017,1
Thu May 04 11:59:06 +0000 2017,1
Thu May 04 11:59:06 +0000 2017,1
Thu May 04 12:00:02 +0000 2017,1
Thu May 04 12:00:06 +0000 2017,1
Thu May 04 12:00:45 +0000 2017,1
Thu May 04 12:00:54 +0000 2017,1
Thu May 04 12:00:54 +0000 2017,1
Thu May 04 12:02:14 +0000 2017,1
Thu May 04 12:02:47 +0000 2017,1
Thu May 04 12:02:49 +0000 2017,1
Thu May 04 12:03:06 +0000 2017,1
Thu May 04 12:03:24 +0000 2017,1
Thu May 04 12:04:03 +0000 2017,1
Thu May 04 12:04:08 +0000 2017,1
Thu May 04 12:04:40 +0000 2017,1
Thu May 04 12:05:00 +0000 2017,1
Thu May 04 12:05:34 +0000 2017,1
Thu May 04 12:06:30 +0000 2017,1
Thu May 04 12:06:33 +0000 2017,1
Thu May 04 12:06:35 +0000 2017,1
Thu May 04 12:06:40 +0000 2017,1
Thu May 04 12:06:48 +0000 2017,1
Thu May 04 12:06:49 +0000 2017,1
Thu May 04 12:07:05 +0000 2017,1
Thu May 04 12:07:11 +0000 2017,1
Thu May 04 12:07:44 +0000 2017,1
Thu May 04 12:09:20 +0000 2017,1
Thu May 04 12:09:23 +0000 2017,1
Thu May 04 12:09:48 +0000 2017,1
Thu May 04 12:09:58 +0000 2017,1
Thu May 04 12:09:59 +0000 2017,1
Thu May 04 12:10:01 +0000 2017,1
Thu May 04 12:10:06 +0000 2017,1
Thu May 04 12:10:07 +0000 2017,1
Thu May 04 12:10:28 +0000 2017,1
Thu May 04 12:10:32 +0000 2017,1
Thu May 04 12:10:41 +0000 2017,1
Thu May 04 12:10:51 +0000 2017,1
Thu May 04 12:11:36 +0000 2017,1
Thu May 04 12:13:02 +0000 2017,1
Thu May 04 12:13:12 +0000 2017,1
Thu May 04 12:13:17 +0000 2017,1
Thu May 04 12:13:43 +0000 2017,1
Thu May 04 12:14:03 +0000 2017,1
Thu May 04 12:14:17 +0000 2017,1
Thu May 04 12:15:17 +0000 2017,1
Thu May 04 12:15:30 +0000 2017,1
Thu May 04 12:16:12 +0000 2017,1
Thu May 04 12:16:16 +0000 2017,1
Thu May 04 12:16:44 +0000 2017,1
Thu May 04 12:19:09 +0000 2017,1
Thu May 04 12:19:37 +0000 2017,1
Thu May 04 12:20:57 +0000 2017,1
Thu May 04 12:23:07 +0000 2017,1
Thu May 04 12:23:20 +0000 2017,1
Thu May 04 12:23:28 +0000 2017,1
Thu May 04 12:24:10 +0000 2017,1
Thu May 04 12:24:35 +0000 2017,1
Thu May 04 12:24:55 +0000 2017,1
Thu May 04 12:25:04 +0000 2017,1
Thu May 04 12:25:36 +0000 2017,1
Thu May 04 12:26:20 +0000 2017,1
Thu May 04 12:29:04 +0000 2017,1
Thu May 04 12:29:16 +0000 2017,1
Thu May 04 12:30:29 +0000 2017,1
Thu May 04 12:30:28 +0000 2017,1
Thu May 04 12:32:41 +0000 2017,1
Thu May 04 12:33:57 +0000 2017,1
Thu May 04 12:34:07 +0000 2017,1
Thu May 04 12:35:03 +0000 2017,1
Thu May 04 12:35:10 +0000 2017,1
Thu May 04 12:36:27 +0000 2017,1
Thu May 04 12:38:28 +0000 2017,1
Thu May 04 12:38:33 +0000 2017,1
Thu May 04 12:38:42 +0000 2017,1
Thu May 04 12:38:47 +0000 2017,1
Thu May 04 12:38:50 +0000 2017,1
Thu May 04 12:39:35 +0000 2017,1
Thu May 04 12:39:35 +0000 2017,1
Thu May 04 12:40:04 +0000 2017,1
Thu May 04 12:41:11 +0000 2017,1
Thu May 04 12:41:31 +0000 2017,1
Thu May 04 12:42:41 +0000 2017,1
Thu May 04 12:42:46 +0000 2017,1
Thu May 04 12:43:00 +0000 2017,1
Thu May 04 12:43:03 +0000 2017,1
Thu May 04 12:43:21 +0000 2017,1
Thu May 04 12:43:24 +0000 2017,1
Thu May 04 12:43:30 +0000 2017,1
Thu May 04 12:43:31 +0000 2017,1
Thu May 04 12:43:38 +0000 2017,1
Thu May 04 12:44:13 +0000 2017,1
Thu May 04 12:45:11 +0000 2017,1
Thu May 04 12:45:20 +0000 2017,1
Thu May 04 12:45:47 +0000 2017,1
Thu May 04 12:46:19 +0000 2017,1
Thu May 04 12:46:37 +0000 2017,1
Thu May 04 12:46:43 +0000 2017,1
Thu May 04 12:47:12 +0000 2017,1
Thu May 04 12:47:24 +0000 2017,1
Thu May 04 12:47:36 +0000 2017,1
Thu May 04 12:48:18 +0000 2017,1
Thu May 04 12:48:20 +0000 2017,1
Thu May 04 12:48:21 +0000 2017,1
Thu May 04 12:48:23 +0000 2017,1
Thu May 04 12:48:38 +0000 2017,1
Thu May 04 12:48:49 +0000 2017,1
Thu May 04 12:49:07 +0000 2017,1
Thu May 04 12:49:38 +0000 2017,1
Thu May 04 12:50:20 +0000 2017,1
Thu May 04 12:50:28 +0000 2017,1
Thu May 04 12:50:29 +0000 2017,1
Thu May 04 12:50:41 +0000 2017,1
Thu May 04 12:53:24 +0000 2017,1
Thu May 04 12:53:38 +0000 2017,1
Thu May 04 12:57:02 +0000 2017,1
Thu May 04 12:57:50 +0000 2017,1
Thu May 04 12:58:06 +0000 2017,1
Thu May 04 12:58:48 +0000 2017,1
Thu May 04 13:00:08 +0000 2017,1
Thu May 04 13:00:08 +0000 2017,1
Thu May 04 13:00:41 +0000 2017,1
Thu May 04 13:00:55 +0000 2017,1
Thu May 04 13:01:10 +0000 2017,1
Thu May 04 13:01:10 +0000 2017,1
Thu May 04 13:02:25 +0000 2017,1
Thu May 04 13:02:27 +0000 2017,1
Thu May 04 13:03:04 +0000 2017,1
Thu May 04 13:03:30 +0000 2017,1
Thu May 04 13:03:44 +0000 2017,1
Thu May 04 13:04:19 +0000 2017,1
Thu May 04 13:04:39 +0000 2017,1
Thu May 04 13:05:04 +0000 2017,1
Thu May 04 13:05:49 +0000 2017,1
Thu May 04 13:05:53 +0000 2017,1
Thu May 04 13:06:11 +0000 2017,1
Thu May 04 13:06:33 +0000 2017,1
Thu May 04 13:06:39 +0000 2017,1
Thu May 04 13:06:44 +0000 2017,1
Thu May 04 13:06:48 +0000 2017,1
Thu May 04 13:07:35 +0000 2017,1
Thu May 04 13:08:10 +0000 2017,1
